0.000000000000000000e+00,0.000000000000000000e+00,7.599999904632568359e-01,0.000000000000000000e+00,0.000000000000000000e+00,0.000000000000000000e+00,1.000000000000000000e+00,-2.000000029802322388e-01,-2.000000029802322388e-01,0.000000000000000000e+00,0.000000000000000000e+00,0.000000000000000000e+00,0.000000000000000000e+00,0.000000000000000000e+00,0.000000000000000000e+00,0.000000000000000000e+00,4.199999868869781494e-01,4.199999868869781494e-01,3.499999940395355225e-01,3.499999940395355225e-01,-2.300000041723251343e-01,-2.300000041723251343e-01,1.800000071525573730e-01,-1.800000071525573730e-01,0.000000000000000000e+00,0.000000000000000000e+00,0.000000000000000000e+00,0.000000000000000000e+00,8.700000047683715820e-01,8.700000047683715820e-01,0.000000000000000000e+00,0.000000000000000000e+00,0.000000000000000000e+00,0.000000000000000000e+00,0.000000000000000000e+00,0.000000000000000000e+00
-2.352405805140733719e-03,-8.171483932528644800e-05,7.509886026382446289e-01,1.724263129290193319e-04,5.929127801209688187e-04,-2.037581871263682842e-04,9.999997615814208984e-01,-2.573910057544708252e-01,-2.397916465997695923e-01,2.609914008644409478e-05,1.406211638823151588e-03,4.960950464010238647e-03,1.225903542945161462e-04,1.081189722754061222e-03,4.601627122610807419e-03,3.605461679399013519e-03,5.277390480041503906e-01,5.378847718238830566e-01,3.493302464485168457e-01,3.479725718498229980e-01,-2.549206912517547607e-01,-2.499120384454727173e-01,1.827174276113510132e-01,-1.835616677999496460e-01,-1.695433165878057480e-03,-1.074668485671281815e-03,8.255715947598218918e-04,-9.236292680725455284e-04,8.682788610458374023e-01,8.679911494255065918e-01,1.561905446578748524e-05,-1.740154038998298347e-05,3.810120688285678625e-04,3.142145578749477863e-04,1.976483035832643509e-04,-1.808296801755204797e-04
-4.812302999198436737e-03,1.050706487149000168e-05,7.377430200576782227e-01,2.887934097088873386e-04,8.034542552195489407e-04,-3.516659489832818508e-04,9.999995827674865723e-01,-3.192140758037567139e-01,-2.880830764770507812e-01,7.835573342163115740e-05,3.875958267599344254e-03,9.894747287034988403e-03,1.934185129357501864e-04,4.651844501495361328e-03,1.059087924659252167e-02,7.032406516373157501e-03,6.410114169120788574e-01,6.595328450202941895e-01,3.488503694534301758e-01,3.452446758747100830e-01,-2.736536860466003418e-01,-2.662014663219451904e-01,1.847022473812103271e-01,-1.862837225198745728e-01,-3.030286403372883797e-03,-3.325406927615404129e-03,1.500955782830715179e-03,-1.670709578320384026e-03,8.670592904090881348e-01,8.660728335380554199e-01,2.944183324871119112e-05,-3.621020005084574223e-05,8.865145500749349594e-04,6.023989408276975155e-04,3.681220405269414186e-04,-3.339009126648306847e-04
-7.011818233877420425e-03,5.124445306137204170e-04,7.226740717887878418e-01,3.142442437820136547e-04,1.041629118844866753e-03,-6.081197643652558327e-04,9.999992251396179199e-01,-3.793950974941253662e-01,-3.438429236412048340e-01,7.073505548760294914e-05,3.752346150577068329e-03,1.164136081933975220e-02,1.888994302134960890e-04,6.054589990526437759e-03,1.355952583253383636e-02,1.045896485447883606e-02,7.535841464996337891e-01,7.652399539947509766e-01,3.468109369277954102e-01,3.433814346790313721e-01,-2.910328805446624756e-01,-2.870557010173797607e-01,1.868928819894790649e-01,-1.881695985794067383e-01,-4.117274656891822815e-03,-6.927411071956157684e-03,2.188961254432797432e-03,-2.268503652885556221e-03,8.656400442123413086e-01,8.645781278610229492e-01,4.643247666535899043e-05,-5.225701897870749235e-05,1.332747982814908028e-03,1.022728742100298405e-03,5.293441354297101498e-04,-4.726228362414985895e-04
-8.690937422215938568e-03,1.379182911477982998e-03,7.063786387443542480e-01,2.575045218691229820e-04,1.394970924593508244e-03,-9.138868772424757481e-04,9.999985694885253906e-01,-4.323098063468933105e-01,-3.993335962295532227e-01,3.750397445401176810e-05,1.298288349062204361e-03,1.113958656787872314e-02,1.254027883987873793e-04,5.579578224569559097e-03,1.472753938287496567e-02,1.399791613221168518e-02,8.559585809707641602e-01,8.597513437271118164e-01,3.438401818275451660e-01,3.409901857376098633e-01,-3.087609410285949707e-01,-3.098063766956329346e-01,1.892749518156051636e-01,-1.894654482603073120e-01,-5.215429235249757767e-03,-1.086989138275384903e-02,2.903495449572801590e-03,-2.745636738836765289e-03,8.640784621238708496e-01,8.632089495658874512e-01,6.483021570602431893e-05,-6.738219235558062792e-05,1.747349509969353676e-03,1.475879456847906113e-03,6.887009949423372746e-04,-5.965176969766616821e-04
-9.641072712838649750e-03,2.478123176842927933e-03,6.885900497436523438e-01,1.491452421760186553e-04,1.968035241588950157e-03,-1.231323811225593090e-03,9.999973177909851074e-01,-4.715387821197509766e-01,-4.419002532958984375e-01,-1.486958353780210018e-06,-1.367888879030942917e-03,1.111816987395286560e-02,2.958439290523529053e-05,4.582265391945838928e-03,1.555773336440324783e-02,1.765808463096618652e-02,9.516782760620117188e-01,9.538057446479797363e-01,3.396009504795074463e-01,3.377852141857147217e-01,-3.246782422065734863e-01,-3.281682133674621582e-01,1.916180551052093506e-01,-1.902561932802200317e-01,-6.081616971641778946e-03,-1.365914568305015564e-02,3.601113567128777504e-03,-3.109803423285484314e-03,8.624840974807739258e-01,8.618291616439819336e-01,8.369926217710599303e-05,-8.252746192738413811e-05,2.158218296244740486e-03,1.948192249983549118e-03,8.431705064140260220e-04,-7.032256689853966236e-04
-9.596447460353374481e-03,3.737564431503415108e-03,6.699032187461853027e-01,-1.110085577238351107e-05,2.778780646622180939e-03,-1.522345701232552528e-03,9.999949932098388672e-01,-4.911625385284423828e-01,-4.615699648857116699e-01,-3.192263466189615428e-05,-2.941966988146305084e-03,1.287673320621252060e-02,-9.398456313647329807e-05,4.329555667936801910e-03,1.708209514617919922e-02,2.141575142741203308e-02,1.050508975982666016e+00,1.057385444641113281e+00,3.342717587947845459e-01,3.332938849925994873e-01,-3.353115916252136230e-01,-3.377977609634399414e-01,1.939002126455307007e-01,-1.907826960086822510e-01,-6.723428145051002502e-03,-1.489578932523727417e-02,4.279557615518569946e-03,-3.403756069019436836e-03,8.608000874519348145e-01,8.601875901222229004e-01,1.013189830700866878e-04,-9.758444502949714661e-05,2.537594176828861237e-03,2.332845237106084824e-03,9.938188595697283745e-04,-7.988574216142296791e-04
-8.178437128663063049e-03,5.123388953506946564e-03,6.528061032295227051e-01,-2.034552890108898282e-04,3.880087984725832939e-03,-1.789380097761750221e-03,9.999908804893493652e-01,-4.888656437397003174e-01,-4.653212130069732666e-01,-5.618622526526451111e-05,-2.957882359623908997e-03,1.647758297622203827e-02,-2.438301453366875648e-04,5.725160241127014160e-03,2.016357704997062683e-02,2.531956508755683899e-02,1.162977695465087891e+00,1.173998951911926270e+00,3.273965418338775635e-01,3.269954621791839600e-01,-3.394466042518615723e-01,-3.420220017433166504e-01,1.965952813625335693e-01,-1.915733069181442261e-01,-8.379915729165077209e-03,-1.762733422219753265e-02,5.035600159317255020e-03,-3.745613386854529381e-03,8.586534261703491211e-01,8.579548597335815430e-01,1.167834270745515823e-04,-1.113757680286653340e-04,2.744634170085191727e-03,2.530447207391262054e-03,1.156854326836764812e-03,-9.043458267115056515e-04
-4.645611625164747238e-03,6.486219819635152817e-03,6.428728699684143066e-01,-3.989933175034821033e-04,5.351176019757986069e-03,-2.035332843661308289e-03,9.999835491180419922e-01,-5.038177371025085449e-01,-4.865046441555023193e-01,-7.332236418733373284e-05,-3.658378496766090393e-03,1.940513961017131805e-02,-3.900302399415522814e-04,9.938878007233142853e-03,2.560727670788764954e-02,2.960320003330707550e-02,1.271305084228515625e+00,1.284379005432128906e+00,3.189479708671569824e-01,3.186560869216918945e-01,-3.547297418117523193e-01,-3.582548201084136963e-01,2.008308470249176025e-01,-1.940208077430725098e-01,-1.771253719925880432e-02,-2.844519168138504028e-02,6.106137763708829880e-03,-4.421128425747156143e-03,8.552600145339965820e-01,8.544533848762512207e-01,1.290351210627704859e-04,-1.225386076839640737e-04,2.577229868620634079e-03,2.295949961990118027e-03,1.374341198243200779e-03,-1.067156088538467884e-03
2.266730414703488350e-03,7.749364245682954788e-03,6.490842700004577637e-01,-5.099701229482889175e-04,8.844669908285140991e-03,-2.386979060247540474e-03,9.999579191207885742e-01,-5.771852731704711914e-01,-5.666344165802001953e-01,-1.286494516534730792e-04,-1.240066066384315491e-02,1.433174498379230499e-02,-4.742634482681751251e-04,1.303465850651264191e-02,2.933864668011665344e-02,3.555981442332267761e-02,1.301361799240112305e+00,1.309788942337036133e+00,3.012403547763824463e-01,3.020987510681152344e-01,-4.063761830329895020e-01,-4.117854237556457520e-01,2.072991579771041870e-01,-1.985965818166732788e-01,-3.772789984941482544e-02,-4.969814047217369080e-02,7.563964929431676865e-03,-5.470972042530775070e-03,8.487771749496459961e-01,8.482887744903564453e-01,1.417685707565397024e-04,-1.295374531764537096e-04,1.666015828959643841e-03,1.479270169511437416e-03,1.657499349676072598e-03,-1.287365099415183067e-03
2.115708962082862854e-02,8.819797076284885406e-03,6.837242245674133301e-01,-4.756548441946506500e-04,7.497312501072883606e-03,-2.683975500985980034e-03,9.999681711196899414e-01,-5.578030943870544434e-01,-5.579019188880920410e-01,1.767336652847006917e-05,-3.670305758714675903e-02,-5.479775369167327881e-03,-2.918933751061558723e-05,-1.787883788347244263e-02,8.451542817056179047e-03,3.977939113974571228e-02,1.162517428398132324e+00,1.161313056945800781e+00,3.434946835041046143e-01,3.440710902214050293e-01,-4.929734170436859131e-01,-4.983782172203063965e-01,2.135807424783706665e-01,-2.039829641580581665e-01,-4.584630206227302551e-02,-5.659662932157516479e-02,9.446034207940101624e-03,-7.028943393379449844e-03,8.581894636154174805e-01,8.575984239578247070e-01,1.901783398352563381e-04,-1.777932193363085389e-04,4.986803978681564331e-03,4.769667051732540131e-03,2.014552243053913116e-03,-1.560966367833316326e-03
4.062198847532272339e-02,9.719998575747013092e-03,7.128831148147583008e-01,-3.717409563250839710e-04,5.185862071812152863e-03,-2.961490303277969360e-03,9.999821186065673828e-01,-5.475220084190368652e-01,-5.510424375534057617e-01,1.643401774344965816e-04,-5.066767334938049316e-02,-1.475945021957159042e-02,5.590562359429895878e-04,-3.393191099166870117e-02,-6.569530814886093140e-04,3.920540213584899902e-02,1.071961641311645508e+00,1.070093631744384766e+00,3.856691718101501465e-01,3.858051598072052002e-01,-5.567885637283325195e-01,-5.608605742454528809e-01,2.187381833791732788e-01,-2.086969912052154541e-01,-5.345584079623222351e-02,-6.358706206083297729e-02,1.108611375093460083e-02,-8.459745906293392181e-03,8.677517175674438477e-01,8.670904040336608887e-01,2.344288222957402468e-04,-2.220551832579076290e-04,8.182677440345287323e-03,7.944196462631225586e-03,2.332555595785379410e-03,-1.817693468183279037e-03
6.043801084160804749e-02,1.052398886531591415e-02,7.374916672706604004e-01,-3.145222435705363750e-04,2.285429509356617928e-03,-3.225293010473251343e-03,9.999921321868896484e-01,-5.402850508689880371e-01,-5.448964834213256836e-01,3.460535663180053234e-04,-6.078053265810012817e-02,-2.181774377822875977e-02,8.802238153293728828e-04,-4.622197151184082031e-02,-7.086764089763164520e-03,3.590017184615135193e-02,1.003930091857910156e+00,1.001818180084228516e+00,4.276479184627532959e-01,4.272046089172363281e-01,-6.066321730613708496e-01,-6.096161007881164551e-01,2.230579555034637451e-01,-2.129285931587219238e-01,-6.125764176249504089e-02,-7.108493894338607788e-02,1.252316590398550034e-02,-9.802993386983871460e-03,8.775264024734497070e-01,8.767172098159790039e-01,2.752338768914341927e-04,-2.641408354975283146e-04,1.134476531296968460e-02,1.105918549001216888e-02,2.609368879348039627e-03,-2.062820596620440483e-03
8.048393577337265015e-02,1.126199029386043549e-02,7.578854560852050781e-01,-3.000554570462554693e-04,-9.705700795166194439e-04,-3.497549099847674370e-03,9.999933838844299316e-01,-5.336859226226806641e-01,-5.389673113822937012e-01,4.831623227801173925e-04,-6.904276460409164429e-02,-2.840859442949295044e-02,9.565292857587337494e-04,-5.743349343538284302e-02,-1.364589482545852661e-02,3.086985833942890167e-02,9.464446306228637695e-01,9.443960189819335938e-01,4.692651033401489258e-01,4.685536026954650879e-01,-6.466059088706970215e-01,-6.490181684494018555e-01,2.266767472028732300e-01,-2.166565209627151489e-01,-6.908390671014785767e-02,-7.882628589868545532e-02,1.377963833510875702e-02,-1.104706246405839920e-02,8.874775171279907227e-01,8.865507841110229492e-01,3.140000044368207455e-04,-3.042175376322120428e-04,1.449186634272336960e-02,1.416952628642320633e-02,2.847552765160799026e-03,-2.292599529027938843e-03
1.006938964128494263e-01,1.195353083312511444e-02,7.741936445236206055e-01,-3.180840576533228159e-04,-4.477974027395248413e-03,-3.781835781410336494e-03,9.999827742576599121e-01,-5.270344018936157227e-01,-5.329698324203491211e-01,5.597774870693683624e-04,-7.663960754871368408e-02,-3.475469723343849182e-02,8.510566549375653267e-04,-6.895729899406433105e-02,-2.087621763348579407e-02,2.461803890764713287e-02,8.952032327651977539e-01,8.929305672645568848e-01,5.104290843009948730e-01,5.097719430923461914e-01,-6.790654659271240234e-01,-6.810812950134277344e-01,2.296443283557891846e-01,-2.198057770729064941e-01,-7.640570402145385742e-02,-8.621335029602050781e-02,1.487480383366346359e-02,-1.216906029731035233e-02,8.976680040359497070e-01,8.966786265373229980e-01,3.512604453135281801e-04,-3.425980103202164173e-04,1.765202172100543976e-02,1.730822958052158356e-02,3.049590857699513435e-03,-2.499361522495746613e-03
1.210232451558113098e-01,1.261851657181978226e-02,7.864798307418823242e-01,-3.535550495143979788e-04,-8.212957531213760376e-03,-4.069094546139240265e-03,9.999579191207885742e-01,-5.200712680816650391e-01,-5.266388058662414551e-01,6.170217529870569706e-04,-8.406946808099746704e-02,-4.097780585289001465e-02,6.468883948400616646e-04,-8.127129077911376953e-02,-2.883073501288890839e-02,1.753756962716579437e-02,8.478651642799377441e-01,8.454086184501647949e-01,5.511817336082458496e-01,5.506330132484436035e-01,-7.053365707397460938e-01,-7.071626186370849609e-01,2.319493293762207031e-01,-2.223562747240066528e-01,-8.255622535943984985e-02,-9.257893264293670654e-02,1.580690778791904449e-02,-1.315440610051155090e-02,9.081327915191650391e-01,9.070971608161926270e-01,3.870851360261440277e-04,-3.796651435550302267e-04,2.085348032414913177e-02,2.049353718757629395e-02,3.215937409549951553e-03,-2.678868593648076057e-03
1.414237469434738159e-01,1.326695177704095840e-02,7.947673797607421875e-01,-3.948061785195022821e-04,-1.208876073360443115e-02,-4.361135885119438171e-03,9.999173283576965332e-01,-5.128766298294067383e-01,-5.203262567520141602e-01,6.435441318899393082e-04,-9.175624698400497437e-02,-4.703792184591293335e-02,4.065615648869425058e-04,-9.494479745626449585e-02,-3.739267960190773010e-02,9.890596382319927216e-03,8.035103082656860352e-01,8.009455800056457520e-01,5.913999080657958984e-01,5.911371111869812012e-01,-7.264558672904968262e-01,-7.282481193542480469e-01,2.335909307003021240e-01,-2.242183834314346313e-01,-8.688092231750488281e-02,-9.725525975227355957e-02,1.658361591398715973e-02,-1.398490276187658310e-02,9.188634157180786133e-01,9.178197979927062988e-01,4.217428795527666807e-04,-4.152847686782479286e-04,2.410400658845901489e-02,2.374032512307167053e-02,3.348319325596094131e-03,-2.826360287144780159e-03
1.618649661540985107e-01,1.391321513801813126e-02,7.990726828575134277e-01,-4.345196357462555170e-04,-1.609753444790840149e-02,-4.647942725569009781e-03,9.998595118522644043e-01,-5.056329965591430664e-01,-5.139223337173461914e-01,6.828014156781136990e-04,-9.992798417806625366e-02,-5.302528291940689087e-02,1.717280101729556918e-04,-1.101882830262184143e-01,-4.657542333006858826e-02,1.887014601379632950e-03,7.619506120681762695e-01,7.589821219444274902e-01,6.310766339302062988e-01,6.309609413146972656e-01,-7.432386875152587891e-01,-7.450820207595825195e-01,2.345406115055084229e-01,-2.253959774971008301e-01,-8.876388520002365112e-02,-9.962204843759536743e-02,1.720035076141357422e-02,-1.465415582060813904e-02,9.298670291900634766e-01,9.287950396537780762e-01,4.549593140836805105e-04,-4.495728644542396069e-04,2.740818820893764496e-02,2.703613042831420898e-02,3.447208553552627563e-03,-2.939079655334353447e-03
1.823427081108093262e-01,1.456669531762599945e-02,7.994176149368286133e-01,-4.614364588633179665e-04,-2.022523619234561920e-02,-4.930734634399414062e-03,9.997831583023071289e-01,-4.980980157852172852e-01,-5.075110197067260742e-01,7.230870542116463184e-04,-1.087728738784790039e-01,-5.903763696551322937e-02,7.025621016509830952e-06,-1.274121999740600586e-01,-5.636465921998023987e-02,-6.485872901976108551e-03,7.226980924606323242e-01,7.191645503044128418e-01,6.699947118759155273e-01,6.700791120529174805e-01,-7.562383413314819336e-01,-7.581709623336791992e-01,2.348014712333679199e-01,-2.258289009332656860e-01,-8.761981874704360962e-02,-9.910389035940170288e-02,1.766528189182281494e-02,-1.515296753495931625e-02,9.411108493804931641e-01,9.400265812873840332e-01,4.866532981395721436e-04,-4.821227630600333214e-04,3.076616860926151276e-02,3.038313426077365875e-02,3.514370182529091835e-03,-3.014257876202464104e-03
2.028590440750122070e-01,1.523780263960361481e-02,7.958136200904846191e-01,-4.685208550654351711e-04,-2.449235506355762482e-02,-5.203176289796829224e-03,9.996863603591918945e-01,-4.904013574123382568e-01,-5.010129213333129883e-01,7.869428955018520355e-04,-1.184443235397338867e-01,-6.496817618608474731e-02,-5.413111648522317410e-05,-1.465903222560882568e-01,-6.645075976848602295e-02,-1.524627674371004105e-02,6.862365603446960449e-01,6.818415522575378418e-01,7.081795334815979004e-01,7.082119584083557129e-01,-7.655531167984008789e-01,-7.676751017570495605e-01,2.343512475490570068e-01,-2.254912704229354858e-01,-8.287767320871353149e-02,-9.516304731369018555e-02,1.797753013670444489e-02,-1.547458861023187637e-02,9.525690078735351562e-01,9.514526724815368652e-01,5.165153415873646736e-04,-5.126774776726961136e-04,3.416054695844650269e-02,3.377158567309379578e-02,3.549218876287341118e-03,-3.050057450309395790e-03
2.234250903129577637e-01,1.593141071498394012e-02,7.882655262947082520e-01,-4.468580591492354870e-04,-2.891797572374343872e-02,-5.467736162245273590e-03,9.995667338371276855e-01,-4.826309084892272949e-01,-4.948647022247314453e-01,8.406797423958778381e-04,-1.289333403110504150e-01,-7.076654583215713501e-02,5.082994903204962611e-05,-1.673621237277984619e-01,-7.650790363550186157e-02,-2.455388009548187256e-02,6.539319157600402832e-01,6.485766768455505371e-01,7.452896833419799805e-01,7.452821731567382812e-01,-7.705616950988769531e-01,-7.730034589767456055e-01,2.331845909357070923e-01,-2.243144363164901733e-01,-7.393711805343627930e-02,-8.720285445451736450e-02,1.814173720777034760e-02,-1.560474280267953873e-02,9.641281962394714355e-01,9.629966616630554199e-01,5.442113615572452545e-04,-5.401293747127056122e-04,3.756611049175262451e-02,3.717512264847755432e-02,3.554517868906259537e-03,-3.041707910597324371e-03
2.441037148237228394e-01,1.665271446108818054e-02,7.767816781997680664e-01,-3.940238384529948235e-04,-3.361920639872550964e-02,-5.717698950320482254e-03,9.994182586669921875e-01,-4.753859341144561768e-01,-4.893825948238372803e-01,8.777423645369708538e-04,-1.401693671941757202e-01,-7.614137977361679077e-02,3.510469687171280384e-04,-1.881615668535232544e-01,-8.563611656427383423e-02,-3.491762280464172363e-02,6.300440430641174316e-01,6.230325698852539062e-01,7.810541391372680664e-01,7.808043956756591797e-01,-7.690891623497009277e-01,-7.720177173614501953e-01,2.312660813331604004e-01,-2.221999913454055786e-01,-6.004141271114349365e-02,-7.436706870794296265e-02,1.815180666744709015e-02,-1.552493963390588760e-02,9.757243394851684570e-01,9.745607972145080566e-01,5.687645170837640762e-04,-5.633611581288278103e-04,4.094326868653297424e-02,4.054454341530799866e-02,3.528917906805872917e-03,-2.984732855111360550e-03
2.655625641345977783e-01,1.738863810896873474e-02,7.616079449653625488e-01,-3.160171327181160450e-04,-3.858863934874534607e-02,-5.944329313933849335e-03,9.992374777793884277e-01,-4.685470163822174072e-01,-4.843279123306274414e-01,8.861540118232369423e-04,-1.527270227670669556e-01,-7.897301018238067627e-02,8.694648859091103077e-04,-2.028302848339080811e-01,-9.231675416231155396e-02,-5.253510177135467529e-02,6.249414086341857910e-01,6.154043078422546387e-01,8.142092823982238770e-01,8.138716220855712891e-01,-7.553335428237915039e-01,-7.591745853424072266e-01,2.285276353359222412e-01,-2.190161645412445068e-01,-4.001760855317115784e-02,-5.509439110755920410e-02,1.799454726278781891e-02,-1.520969625562429428e-02,9.868789911270141602e-01,9.857674837112426758e-01,5.882332334294915199e-04,-5.795473698526620865e-04,4.415737465023994446e-02,4.376303032040596008e-02,3.469510469585657120e-03,-2.872370416298508644e-03
2.785374820232391357e-01,1.762136258184909821e-02,7.401624321937561035e-01,-6.183133227750658989e-04,-3.727043792605400085e-02,-6.150060333311557770e-03,9.992861151695251465e-01,-5.151774883270263672e-01,-5.286699533462524414e-01,1.164740751846693456e-04,-1.460761874914169312e-01,-8.152624964714050293e-02,-3.766857262235134840e-04,-1.913028657436370850e-01,-8.944974839687347412e-02,-3.311843425035476685e-02,6.384878158569335938e-01,6.291316151618957520e-01,7.872895002365112305e-01,7.887091040611267090e-01,-6.990582346916198730e-01,-7.042744755744934082e-01,2.232495248317718506e-01,-2.114698886871337891e-01,-1.243041362613439560e-02,-2.531766332685947418e-02,1.677836105227470398e-02,-1.357949525117874146e-02,9.806385040283203125e-01,9.800524711608886719e-01,5.580972065217792988e-04,-5.377560155466198921e-04,4.270040616393089294e-02,4.247415810823440552e-02,3.247134387493133545e-03,-2.576617291197180748e-03
2.935936152935028076e-01,1.800483465194702148e-02,7.163848876953125000e-01,-9.380678529851138592e-04,-3.540612012147903442e-02,-6.413402035832405090e-03,9.993519783020019531e-01,-5.398310422897338867e-01,-5.535815954208374023e-01,2.674632742127869278e-05,-1.429491788148880005e-01,-8.587239682674407959e-02,-5.391631275415420532e-04,-1.937934905290603638e-01,-9.610355645418167114e-02,-3.111616894602775574e-02,6.073054671287536621e-01,5.960799455642700195e-01,7.582956552505493164e-01,7.616850137710571289e-01,-6.537851095199584961e-01,-6.614822149276733398e-01,2.181306928396224976e-01,-2.036788016557693481e-01,1.509642973542213440e-02,3.422540146857500076e-03,1.557425130158662796e-02,-1.189457252621650696e-02,9.741488695144653320e-01,9.741171598434448242e-01,5.296936142258346081e-04,-4.959516227245330811e-04,4.119606688618659973e-02,4.113412275910377502e-02,3.030507359653711319e-03,-2.278324216604232788e-03
3.041961193084716797e-01,1.795828901231288910e-02,7.129414081573486328e-01,-1.052660518325865269e-03,-3.338354453444480896e-02,-6.399348378181457520e-03,9.994215965270996094e-01,-5.406133532524108887e-01,-5.578572154045104980e-01,2.715113805606961250e-05,-1.326459199190139771e-01,-7.912646979093551636e-02,-5.654752021655440331e-04,-1.633601039648056030e-01,-7.972397655248641968e-02,-2.921882085502147675e-02,6.546249389648437500e-01,6.456947922706604004e-01,7.421178817749023438e-01,7.452683448791503906e-01,-5.948183536529541016e-01,-6.014359593391418457e-01,2.162739336490631104e-01,-2.015307247638702393e-01,3.145631030201911926e-02,2.164824120700359344e-02,1.505076698958873749e-02,-1.133803650736808777e-02,9.697185754776000977e-01,9.695591330528259277e-01,5.123168230056762695e-04,-4.795014974661171436e-04,4.012867808341979980e-02,4.001473635435104370e-02,2.943034283816814423e-03,-2.191007137298583984e-03
3.127496540546417236e-01,1.786214299499988556e-02,7.166975736618041992e-01,-1.077109132893383503e-03,-3.108507767319679260e-02,-6.345518864691257477e-03,9.994960427284240723e-01,-5.353884100914001465e-01,-5.520691871643066406e-01,5.040989708504639566e-05,-1.219590157270431519e-01,-7.240206748247146606e-02,-5.557064432650804520e-04,-1.364298611879348755e-01,-6.433787196874618530e-02,-2.718542329967021942e-02,6.889313459396362305e-01,6.814027428627014160e-01,7.315034270286560059e-01,7.337175011634826660e-01,-5.479192733764648438e-01,-5.534576773643493652e-01,2.161245793104171753e-01,-2.017065882682800293e-01,3.886879608035087585e-02,3.010165691375732422e-02,1.488647516816854477e-02,-1.125287916511297226e-02,9.663493037223815918e-01,9.658585786819458008e-01,5.033151828683912754e-04,-4.747688944917172194e-04,3.932075574994087219e-02,3.911078348755836487e-02,2.926284447312355042e-03,-2.195289358496665955e-03
3.203558325767517090e-01,1.780095323920249939e-02,7.219126224517822266e-01,-1.066493801772594452e-03,-2.883206307888031006e-02,-6.333587225526571274e-03,9.995636343955993652e-01,-5.296069383621215820e-01,-5.431626439094543457e-01,5.683601557393558323e-05,-1.121322140097618103e-01,-6.719477474689483643e-02,-5.358657799661159515e-04,-1.171287000179290771e-01,-5.385642126202583313e-02,-2.521331608295440674e-02,6.998113393783569336e-01,6.926383972167968750e-01,7.225406765937805176e-01,7.244109511375427246e-01,-5.108628273010253906e-01,-5.160434246063232422e-01,2.167251557111740112e-01,-2.023132890462875366e-01,4.112089052796363831e-02,3.299229592084884644e-02,1.488411612808704376e-02,-1.126140635460615158e-02,9.633670449256896973e-01,9.627358913421630859e-01,4.993540351279079914e-04,-4.717761476058512926e-04,3.859702870249748230e-02,3.834222629666328430e-02,2.943410538136959076e-03,-2.214263891801238060e-03
3.274484276771545410e-01,1.777451485395431519e-02,7.268396019935607910e-01,-1.050913124345242977e-03,-2.673174440860748291e-02,-6.346147507429122925e-03,9.996219277381896973e-01,-5.213631987571716309e-01,-5.318569540977478027e-01,5.165978654986247420e-05,-1.027999594807624817e-01,-6.282590329647064209e-02,-5.165842012502253056e-04,-1.024563759565353394e-01,-4.655248671770095825e-02,-2.335886843502521515e-02,6.938062310218811035e-01,6.865344047546386719e-01,7.142506241798400879e-01,7.160810828208923340e-01,-4.795068204402923584e-01,-4.845198690891265869e-01,2.175102829933166504e-01,-2.028854191303253174e-01,4.054060950875282288e-02,3.305896371603012085e-02,1.492875255644321442e-02,-1.126474700868129730e-02,9.606080055236816406e-01,9.599665999412536621e-01,4.971194430254399776e-04,-4.684294981416314840e-04,3.790546953678131104e-02,3.763924166560173035e-02,2.969185821712017059e-03,-2.230691025033593178e-03
3.341694772243499756e-01,1.776961050927639008e-02,7.311459183692932129e-01,-1.034908345900475979e-03,-2.479981817305088043e-02,-6.367852911353111267e-03,9.996716380119323730e-01,-5.096654295921325684e-01,-5.179163217544555664e-01,4.174337664153426886e-05,-9.383329749107360840e-02,-5.861976742744445801e-02,-4.994175396859645844e-04,-9.040297567844390869e-02,-4.076405987143516541e-02,-2.163473702967166901e-02,6.777257323265075684e-01,6.702285408973693848e-01,7.061751484870910645e-01,7.081816196441650391e-01,-4.513621628284454346e-01,-4.562307596206665039e-01,2.182749062776565552e-01,-2.033419609069824219e-01,3.859923407435417175e-02,3.177529945969581604e-02,1.497034542262554169e-02,-1.124871522188186646e-02,9.580166935920715332e-01,9.574145674705505371e-01,4.951346782036125660e-04,-4.645927983801811934e-04,3.722800314426422119e-02,3.698155656456947327e-02,2.994125708937644958e-03,-2.241605194285511971e-03
3.405418395996093750e-01,1.778534613549709320e-02,7.348455190658569336e-01,-1.019277027808129787e-03,-2.301011048257350922e-02,-6.387461442500352859e-03,9.997143149375915527e-01,-4.954444468021392822e-01,-5.023646354675292969e-01,3.160385676892474294e-05,-8.545547723770141602e-02,-5.461573228240013123e-02,-4.842644848395138979e-04,-7.987664639949798584e-02,-3.573427721858024597e-02,-2.003782428801059723e-02,6.567019820213317871e-01,6.493419408798217773e-01,6.984295248985290527e-01,7.004899978637695312e-01,-4.254386723041534424e-01,-4.300157725811004639e-01,2.189469635486602783e-01,-2.036952078342437744e-01,3.615970164537429810e-02,2.996468357741832733e-02,1.499767694622278214e-02,-1.121402252465486526e-02,9.555825591087341309e-01,9.550275206565856934e-01,4.929471178911626339e-04,-4.605948051903396845e-04,3.658321872353553772e-02,3.635087981820106506e-02,3.015029709786176682e-03,-2.248124452307820320e-03
3.465673029422760010e-01,1.781720854341983795e-02,7.380390763282775879e-01,-1.007358659990131855e-03,-2.137508615851402283e-02,-6.399195175617933273e-03,9.997505545616149902e-01,-4.799035191535949707e-01,-4.858480095863342285e-01,2.480402326909825206e-05,-7.774512469768524170e-02,-5.081627517938613892e-02,-4.728840722236782312e-04,-7.043170928955078125e-02,-3.107001818716526031e-02,-1.856023818254470825e-02,6.335543990135192871e-01,6.264007091522216797e-01,6.909810900688171387e-01,6.930758357048034668e-01,-4.013898968696594238e-01,-4.057234227657318115e-01,2.194969952106475830e-01,-2.039697468280792236e-01,3.368851169943809509e-02,2.805213630199432373e-02,1.500331610441207886e-02,-1.116863638162612915e-02,9.533034563064575195e-01,9.527623057365417480e-01,4.902547225356101990e-04,-4.565064737107604742e-04,3.596376255154609680e-02,3.573471680283546448e-02,3.030177671462297440e-03,-2.251895144581794739e-03
3.522248268127441406e-01,1.786343567073345184e-02,7.407876253128051758e-01,-9.975200518965721130e-04,-1.986884884536266327e-02,-6.407017819583415985e-03,9.997815489768981934e-01,-4.645564556121826172e-01,-4.697502255439758301e-01,1.932181294250767678e-05,-7.086972147226333618e-02,-4.735301434993743896e-02,-4.637022211682051420e-04,-6.180131435394287109e-02,-2.676920033991336823e-02,-1.719429716467857361e-02,6.108398437500000000e-01,6.039556264877319336e-01,6.837888956069946289e-01,6.859398484230041504e-01,-3.794081807136535645e-01,-3.835549354553222656e-01,2.199451625347137451e-01,-2.041602134704589844e-01,3.137553855776786804e-02,2.621439099311828613e-02,1.499371509999036789e-02,-1.110981311649084091e-02,9.511645436286926270e-01,9.506235122680664062e-01,4.872787976637482643e-04,-4.524037067312747240e-04,3.537997230887413025e-02,3.515061363577842712e-02,3.041192889213562012e-03,-2.252334728837013245e-03
3.575110733509063721e-01,1.792113855481147766e-02,7.431505322456359863e-01,-9.901418816298246384e-04,-1.848430745303630829e-02,-6.416421849280595779e-03,9.998080730438232422e-01,-4.502691924571990967e-01,-4.549548327922821045e-01,1.261666056961985305e-05,-6.487324833869934082e-02,-4.434515535831451416e-02,-4.559153167065232992e-04,-5.399041622877120972e-02,-2.279929444193840027e-02,-1.594039611518383026e-02,5.902930498123168945e-01,5.837485790252685547e-01,6.769348382949829102e-01,6.790712475776672363e-01,-3.600109219551086426e-01,-3.639891445636749268e-01,2.203300148248672485e-01,-2.042486369609832764e-01,2.925308980047702789e-02,2.450710162520408630e-02,1.497449260205030441e-02,-1.103461068123579025e-02,9.491205215454101562e-01,9.486070275306701660e-01,4.843235365115106106e-04,-4.480746865738183260e-04,3.481842577457427979e-02,3.459284454584121704e-02,3.049873979762196541e-03,-2.248605713248252869e-03
3.624371886253356934e-01,1.798594184219837189e-02,7.451878786087036133e-01,-9.860205464065074921e-04,-1.722402125597000122e-02,-6.422302220016717911e-03,9.998305439949035645e-01,-4.373998939990997314e-01,-4.415238499641418457e-01,7.442034529958618805e-06,-5.962878093123435974e-02,-4.168070480227470398e-02,-4.504134121816605330e-04,-4.682523012161254883e-02,-1.911829598248004913e-02,-1.478737592697143555e-02,5.722303390502929688e-01,5.658198595046997070e-01,6.704089641571044922e-01,6.725504994392395020e-01,-3.428454995155334473e-01,-3.466997742652893066e-01,2.206303477287292480e-01,-2.042812258005142212e-01,2.731559425592422485e-02,2.293735928833484650e-02,1.494395080953836441e-02,-1.095312088727951050e-02,9.472105503082275391e-01,9.466967582702636719e-01,4.811974940821528435e-04,-4.438477626536041498e-04,3.428818285465240479e-02,3.406587988138198853e-02,3.055128268897533417e-03,-2.243045717477798462e-03
3.670206665992736816e-01,1.805403456091880798e-02,7.469562888145446777e-01,-9.827286703512072563e-04,-1.606919988989830017e-02,-6.429000291973352432e-03,9.998497366905212402e-01,-4.256342053413391113e-01,-4.293640553951263428e-01,1.512858943897299469e-06,-5.508045107126235962e-02,-3.938190639019012451e-02,-4.450199194252490997e-04,-4.038356244564056396e-02,-1.578534394502639771e-02,-1.372346375137567520e-02,5.561450719833374023e-01,5.497799515724182129e-01,6.641580462455749512e-01,6.663801670074462891e-01,-3.276655972003936768e-01,-3.314171433448791504e-01,2.208818942308425903e-01,-2.042524367570877075e-01,2.554972656071186066e-02,2.150259353220462799e-02,1.490687020123004913e-02,-1.086215116083621979e-02,9.454078674316406250e-01,9.448959231376647949e-01,4.781350435223430395e-04,-4.395608266349881887e-04,3.378880769014358521e-02,3.356616571545600891e-02,3.058678237721323967e-03,-2.234943676739931107e-03
3.712847828865051270e-01,1.812288910150527954e-02,7.484979629516601562e-01,-9.824566077440977097e-04,-1.502149738371372223e-02,-6.432064343243837357e-03,9.998660087585449219e-01,-4.149339199066162109e-01,-4.181843101978302002e-01,-2.757522452156990767e-06,-5.106574296951293945e-02,-3.731878846883773804e-02,-4.414895956870168447e-04,-3.450803086161613464e-02,-1.268664840608835220e-02,-1.275012735277414322e-02,5.418365597724914551e-01,5.354682803153991699e-01,6.582865715026855469e-01,6.604682803153991699e-01,-3.142599761486053467e-01,-3.179326355457305908e-01,2.210669964551925659e-01,-2.041933983564376831e-01,2.393954060971736908e-02,2.018273994326591492e-02,1.486194971948862076e-02,-1.077013462781906128e-02,9.437100887298583984e-01,9.432047009468078613e-01,4.749489307869225740e-04,-4.354161210358142853e-04,3.331565111875534058e-02,3.309160470962524414e-02,3.059577429667115211e-03,-2.226109150797128677e-03
3.752411603927612305e-01,1.818975992500782013e-02,7.498386502265930176e-01,-9.812465868890285492e-04,-1.405675988644361496e-02,-6.438881624490022659e-03,9.998799562454223633e-01,-4.051446914672851562e-01,-4.082564711570739746e-01,-8.750345841690432280e-06,-4.757887125015258789e-02,-3.556057438254356384e-02,-4.371000977698713541e-04,-2.921642921864986420e-02,-9.909729473292827606e-03,-1.185191608965396881e-02,5.289401412010192871e-01,5.228856801986694336e-01,6.527048349380493164e-01,6.549479365348815918e-01,-3.024117946624755859e-01,-3.060081601142883301e-01,2.212287932634353638e-01,-2.040848284959793091e-01,2.247954905033111572e-02,1.897862926125526428e-02,1.481616124510765076e-02,-1.067189127206802368e-02,9.421134591102600098e-01,9.416280984878540039e-01,4.719668650068342686e-04,-4.311702796258032322e-04,3.286576643586158752e-02,3.264811635017395020e-02,3.059972543269395828e-03,-2.215226413682103157e-03
3.789120912551879883e-01,1.825421862304210663e-02,7.510100007057189941e-01,-9.816676611080765724e-04,-1.318378280848264694e-02,-6.441757082939147949e-03,9.998918771743774414e-01,-3.963283598423004150e-01,-3.991151750087738037e-01,-1.272934332519071177e-05,-4.450733587145805359e-02,-3.398100659251213074e-02,-4.339229199104011059e-04,-2.444843202829360962e-02,-7.381231524050235748e-03,-1.102796569466590881e-02,5.177006125450134277e-01,5.115789771080017090e-01,6.474386453628540039e-01,6.496936082839965820e-01,-2.919507324695587158e-01,-2.954992651939392090e-01,2.213356345891952515e-01,-2.039698660373687744e-01,2.114227041602134705e-02,1.787153817713260651e-02,1.476295478641986847e-02,-1.057602372020483017e-02,9.406197667121887207e-01,9.401367902755737305e-01,4.689054039772599936e-04,-4.272416408639401197e-04,3.244570642709732056e-02,3.223044052720069885e-02,3.058134345337748528e-03,-2.204402117058634758e-03
3.823128938674926758e-01,1.831416040658950806e-02,7.520327568054199219e-01,-9.818122489377856255e-04,-1.238169521093368530e-02,-6.445458158850669861e-03,9.999020695686340332e-01,-3.883010149002075195e-01,-3.909017145633697510e-01,-1.705513932392932475e-05,-4.181399941444396973e-02,-3.260030969977378845e-02,-4.305233014747500420e-04,-2.016844600439071655e-02,-5.082269199192523956e-03,-1.027488801628351212e-02,5.076739192008972168e-01,5.016492605209350586e-01,6.424936056137084961e-01,6.447803974151611328e-01,-2.827376723289489746e-01,-2.862261235713958740e-01,2.214148491621017456e-01,-2.038295716047286987e-01,1.992477849125862122e-02,1.685682497918605804e-02,1.470876298844814301e-02,-1.047952007502317429e-02,9.392241239547729492e-01,9.387449622154235840e-01,4.659724072553217411e-04,-4.233392828609794378e-04,3.204963728785514832e-02,3.183696791529655457e-02,3.055615350604057312e-03,-2.192819956690073013e-03
3.854602277278900146e-01,1.836913265287876129e-02,7.529298663139343262e-01,-9.820302948355674744e-04,-1.165439840406179428e-02,-6.448300089687108994e-03,9.999108314514160156e-01,-3.809542953968048096e-01,-3.834143877029418945e-01,-2.091930218739435077e-05,-3.946243226528167725e-02,-3.137071803212165833e-02,-4.271592188160866499e-04,-1.634085923433303833e-02,-2.994155976921319962e-03,-9.580545127391815186e-03,4.986413717269897461e-01,4.927404224872589111e-01,6.378232836723327637e-01,6.401354074478149414e-01,-2.745958566665649414e-01,-2.780498862266540527e-01,2.214645445346832275e-01,-2.036805152893066406e-01,1.881835795938968658e-02,1.592682674527168274e-02,1.465242262929677963e-02,-1.038539689034223557e-02,9.379145503044128418e-01,9.374488592147827148e-01,4.631132178474217653e-04,-4.196273803245276213e-04,3.167775273323059082e-02,3.146738186478614807e-02,3.052122192457318306e-03,-2.180987037718296051e-03
3.883668780326843262e-01,1.841786131262779236e-02,7.537136673927307129e-01,-9.822520660236477852e-04,-1.098796259611845016e-02,-6.450702436268329620e-03,9.999183416366577148e-01,-3.743620514869689941e-01,-3.766966462135314941e-01,-2.438075352984014899e-05,-3.738535568118095398e-02,-3.028358519077301025e-02,-4.236782260704785585e-04,-1.289113610982894897e-02,-1.119247404858469963e-03,-8.946069516241550446e-03,4.907481372356414795e-01,4.849317669868469238e-01,6.334474682807922363e-01,6.358012557029724121e-01,-2.674267292022705078e-01,-2.708353400230407715e-01,2.214895933866500854e-01,-2.035265713930130005e-01,1.780838519334793091e-02,1.507260091602802277e-02,1.459493394941091537e-02,-1.029358152300119400e-02,9.366933703422546387e-01,9.362351894378662109e-01,4.603382840286940336e-04,-4.160726093687117100e-04,3.132984042167663574e-02,3.112135827541351318e-02,3.047873498871922493e-03,-2.169326646253466606e-03
3.910477161407470703e-01,1.846016757190227509e-02,7.544002532958984375e-01,-9.821776766330003738e-04,-1.038237567991018295e-02,-6.452640052884817123e-03,9.999247789382934570e-01,-3.684400618076324463e-01,-3.706388175487518311e-01,-2.744401717791333795e-05,-3.555810451507568359e-02,-2.932963706552982330e-02,-4.199829709250479937e-04,-9.823035448789596558e-03,5.638489383272826672e-04,-8.364006876945495605e-03,4.838582277297973633e-01,4.780434966087341309e-01,6.293591856956481934e-01,6.317291259765625000e-01,-2.611152231693267822e-01,-2.644915282726287842e-01,2.214913219213485718e-01,-2.033710181713104248e-01,1.688420400023460388e-02,1.429117657244205475e-02,1.453622244298458099e-02,-1.020476222038269043e-02,9.355617165565490723e-01,9.351106882095336914e-01,4.576678329613059759e-04,-4.127160937059670687e-04,3.100474178791046143e-02,3.079800494015216827e-02,3.043080447241663933e-03,-2.157826907932758331e-03
3.935182690620422363e-01,1.849501952528953552e-02,7.550036907196044922e-01,-9.816049132496118546e-04,-9.829586371779441833e-03,-6.454505957663059235e-03,9.999303817749023438e-01,-3.630297482013702393e-01,-3.651473224163055420e-01,-3.032978565897792578e-05,-3.394900262355804443e-02,-2.848176099359989166e-02,-4.158684459980577230e-04,-7.081418298184871674e-03,2.073701936751604080e-03,-7.833406329154968262e-03,4.776102602481842041e-01,4.719302952289581299e-01,6.255580186843872070e-01,6.279315948486328125e-01,-2.555668354034423828e-01,-2.589168548583984375e-01,2.214756160974502563e-01,-2.032160609960556030e-01,1.604492031037807465e-02,1.357664726674556732e-02,1.447813212871551514e-02,-1.012023352086544037e-02,9.345049858093261719e-01,9.340626001358032227e-01,4.551179881673306227e-04,-4.095214826520532370e-04,3.070117719471454620e-02,3.049673512578010559e-02,3.037815215066075325e-03,-2.146566053852438927e-03
3.957898020744323730e-01,1.852228119969367981e-02,7.555332779884338379e-01,-9.804064175114035606e-04,-9.331614710390567780e-03,-6.455663591623306274e-03,9.999351501464843750e-01,-3.581452369689941406e-01,-3.601768612861633301e-01,-3.264272891101427376e-05,-3.253997862339019775e-02,-2.774244546890258789e-02,-4.115537158213555813e-04,-4.658704157918691635e-03,3.399205626919865608e-03,-7.346932310611009598e-03,4.721781611442565918e-01,4.665158689022064209e-01,6.220058798789978027e-01,6.243904829025268555e-01,-2.506976425647735596e-01,-2.540151774883270264e-01,2.214434891939163208e-01,-2.030688673257827759e-01,1.527946442365646362e-02,1.292457431554794312e-02,1.441973447799682617e-02,-1.004000939428806305e-02,9.335254430770874023e-01,9.330891966819763184e-01,4.526635457295924425e-04,-4.065195680595934391e-04,3.041878901422023773e-02,3.021585568785667419e-02,3.032191656529903412e-03,-2.135822782292962074e-03
3.978739678859710693e-01,1.854022592306137085e-02,7.559993267059326172e-01,-9.788495954126119614e-04,-8.878499269485473633e-03,-6.456655915826559067e-03,9.999392628669738770e-01,-3.537189662456512451e-01,-3.556920886039733887e-01,-3.468435534159652889e-05,-3.128707408905029297e-02,-2.707004174590110779e-02,-4.067776608280837536e-04,-2.495418302714824677e-03,4.596728365868330002e-03,-6.904969457536935806e-03,4.673242568969726562e-01,4.617509245872497559e-01,6.187114715576171875e-01,6.211068630218505859e-01,-2.464335262775421143e-01,-2.497191876173019409e-01,2.213963270187377930e-01,-2.029283940792083740e-01,1.458310522139072418e-02,1.232985779643058777e-02,1.436218060553073883e-02,-9.964984841644763947e-03,9.326198697090148926e-01,9.321900606155395508e-01,4.503310483414679766e-04,-4.037229518871754408e-04,3.015683032572269440e-02,2.995543554425239563e-02,3.026279620826244354e-03,-2.125621307641267776e-03
3.997806012630462646e-01,1.854897849261760712e-02,7.564084529876708984e-01,-9.765512659214437008e-04,-8.467941544950008392e-03,-6.456916686147451401e-03,9.999428391456604004e-01,-3.497601449489593506e-01,-3.516483008861541748e-01,-3.611974534578621387e-05,-3.017942048609256744e-02,-2.647996135056018829e-02,-4.014655714854598045e-04,-5.919934483245015144e-04,5.641873460263013840e-03,-6.502902135252952576e-03,4.630953073501586914e-01,4.575189948081970215e-01,6.156699657440185547e-01,6.180642843246459961e-01,-2.427027374505996704e-01,-2.459523677825927734e-01,2.213353067636489868e-01,-2.027997970581054688e-01,1.394908968359231949e-02,1.178982667624950409e-02,1.430482789874076843e-02,-9.895867668092250824e-03,9.317869544029235840e-01,9.313597679138183594e-01,4.480969801079481840e-04,-4.011277342215180397e-04,2.991481497883796692e-02,2.971416711807250977e-02,3.020087722688913345e-03,-2.116194227710366249e-03
4.015193283557891846e-01,1.854745112359523773e-02,7.567686438560485840e-01,-9.731021127663552761e-04,-8.096707984805107117e-03,-6.457450799643993378e-03,9.999458789825439453e-01,-3.461879491806030273e-01,-3.480406999588012695e-01,-3.743071647477336228e-05,-2.921722829341888428e-02,-2.595190703868865967e-02,-3.954235289711505175e-04,1.061446848325431347e-03,6.558880209922790527e-03,-6.137551739811897278e-03,4.593408405780792236e-01,4.538304507732391357e-01,6.128562092781066895e-01,6.152614355087280273e-01,-2.394483536481857300e-01,-2.426643371582031250e-01,2.212638556957244873e-01,-2.026831358671188354e-01,1.337546017020940781e-02,1.129912864416837692e-02,1.424878370016813278e-02,-9.831970557570457458e-03,9.310202002525329590e-01,9.305998682975769043e-01,4.460061027202755213e-04,-3.987172094639390707e-04,2.969130873680114746e-02,2.949200011789798737e-02,3.013832261785864830e-03,-2.107442589476704597e-03
4.030993878841400146e-01,1.853455416858196259e-02,7.570850849151611328e-01,-9.687723941169679165e-04,-7.762928958982229233e-03,-6.458107382059097290e-03,9.999485611915588379e-01,-3.429868817329406738e-01,-3.448381125926971436e-01,-3.847962580039165914e-05,-2.836278267204761505e-02,-2.549575828015804291e-02,-3.885702753905206919e-04,2.512694336473941803e-03,7.334837224334478378e-03,-5.807592067867517471e-03,4.560488164424896240e-01,4.506479799747467041e-01,6.102821826934814453e-01,6.126889586448669434e-01,-2.366117238998413086e-01,-2.397919446229934692e-01,2.211835533380508423e-01,-2.025797516107559204e-01,1.285634748637676239e-02,1.085605658590793610e-02,1.419418212026357651e-02,-9.774321690201759338e-03,9.303194284439086914e-01,9.299032092094421387e-01,4.440394986886531115e-04,-3.965022333431988955e-04,2.948588132858276367e-02,2.928835339844226837e-02,3.007521387189626694e-03,-2.099456498399376869e-03
4.045292139053344727e-01,1.850971952080726624e-02,7.573639750480651855e-01,-9.629690321162343025e-04,-7.464799564331769943e-03,-6.457621697336435318e-03,9.999508261680603027e-01,-3.401539325714111328e-01,-3.419569730758666992e-01,-3.870904765790328383e-05,-2.761282585561275482e-02,-2.508746646344661713e-02,-3.808702749665826559e-04,3.751472337171435356e-03,7.989486679434776306e-03,-5.510182119905948639e-03,4.532381594181060791e-01,4.478502571582794189e-01,6.079425811767578125e-01,6.103258132934570312e-01,-2.341574430465698242e-01,-2.372959554195404053e-01,2.210887223482131958e-01,-2.024967819452285767e-01,1.238745171576738358e-02,1.046005263924598694e-02,1.413978729397058487e-02,-9.723971597850322723e-03,9.296827316284179688e-01,9.292659759521484375e-01,4.421622143127024174e-04,-3.945329808630049229e-04,2.929925359785556793e-02,2.910158224403858185e-02,3.000981872901320457e-03,-2.092495327815413475e-03
4.058158397674560547e-01,1.847111806273460388e-02,7.576094865798950195e-01,-9.557204321026802063e-04,-7.197745144367218018e-03,-6.457768846303224564e-03,9.999527931213378906e-01,-3.376268446445465088e-01,-3.394283652305603027e-01,-3.887665661750361323e-05,-2.695387229323387146e-02,-2.472851611673831940e-02,-3.720782697200775146e-04,4.808459430932998657e-03,8.528369478881359100e-03,-5.244288593530654907e-03,4.507540166378021240e-01,4.454460144042968750e-01,6.058184504508972168e-01,6.081909537315368652e-01,-2.320314943790435791e-01,-2.351184040307998657e-01,2.209863811731338501e-01,-2.024308592081069946e-01,1.197080314159393311e-02,1.011212915182113647e-02,1.408700086176395416e-02,-9.680310264229774475e-03,9.291043281555175781e-01,9.286907911300659180e-01,4.404204082675278187e-04,-3.927310754079371691e-04,2.912921272218227386e-02,2.893268503248691559e-02,2.994512673467397690e-03,-2.086433349177241325e-03
4.069652259349822998e-01,1.841748133301734924e-02,7.578250169754028320e-01,-9.469207143411040306e-04,-6.961103994399309158e-03,-6.457392591983079910e-03,9.999544620513916016e-01,-3.354251682758331299e-01,-3.372301161289215088e-01,-3.843165541184134781e-05,-2.637748233973979950e-02,-2.441346645355224609e-02,-3.618804039433598518e-04,5.675585009157657623e-03,8.952161297202110291e-03,-5.007427651435136795e-03,4.486692249774932861e-01,4.434311091899871826e-01,6.039075851440429688e-01,6.062599420547485352e-01,-2.301906347274780273e-01,-2.332227081060409546e-01,2.208721339702606201e-01,-2.023864984512329102e-01,1.160671468824148178e-02,9.815696626901626587e-03,1.403480675071477890e-02,-9.643945842981338501e-03,9.285858273506164551e-01,9.281725883483886719e-01,4.387855296954512596e-04,-3.911521926056593657e-04,2.897633239626884460e-02,2.878007292747497559e-02,2.987836487591266632e-03,-2.081478945910930634e-03
4.079836905002593994e-01,1.834702119231224060e-02,7.580140829086303711e-01,-9.360985714010894299e-04,-6.753178779035806656e-03,-6.457163486629724503e-03,9.999558925628662109e-01,-3.335147500038146973e-01,-3.353407382965087891e-01,-3.762739288504235446e-05,-2.588230744004249573e-02,-2.412752248346805573e-02,-3.501367755234241486e-04,6.373616401106119156e-03,9.276406839489936829e-03,-4.798354115337133408e-03,4.469144046306610107e-01,4.417618513107299805e-01,6.022067070007324219e-01,6.045296192169189453e-01,-2.285943180322647095e-01,-2.315599620342254639e-01,2.207479923963546753e-01,-2.023652046918869019e-01,1.130303461104631424e-02,9.578017517924308777e-03,1.398312486708164215e-02,-9.614994749426841736e-03,9.281234741210937500e-01,9.277110099792480469e-01,4.372652329038828611e-04,-3.897807619068771601e-04,2.883961610496044159e-02,2.864395454525947571e-02,2.981105120852589607e-03,-2.077614888548851013e-03
4.088757932186126709e-01,1.825786009430885315e-02,7.581766247749328613e-01,-9.228975395672023296e-04,-6.572450045496225357e-03,-6.456508766859769821e-03,9.999571442604064941e-01,-3.319140672683715820e-01,-3.337567150592803955e-01,-3.620997085818089545e-05,-2.545619197189807892e-02,-2.389034070074558258e-02,-3.366275923326611519e-04,6.892446428537368774e-03,9.466795250773429871e-03,-4.615523386746644974e-03,4.455047547817230225e-01,4.404141008853912354e-01,6.007091999053955078e-01,6.029976606369018555e-01,-2.271913886070251465e-01,-2.300802618265151978e-01,2.206084132194519043e-01,-2.023681402206420898e-01,1.106840837746858597e-02,9.412701241672039032e-03,1.393168512731790543e-02,-9.594433009624481201e-03,9.277175068855285645e-01,9.273034334182739258e-01,4.358406877145171165e-04,-3.886332269757986069e-04,2.871929109096527100e-02,2.852358669042587280e-02,2.974187489598989487e-03,-2.074889838695526123e-03
4.096457958221435547e-01,1.814748533070087433e-02,7.583074569702148438e-01,-9.071525419130921364e-04,-6.418125238269567490e-03,-6.456212140619754791e-03,9.999581575393676758e-01,-3.306228816509246826e-01,-3.324929475784301758e-01,-3.444282265263609588e-05,-2.509967982769012451e-02,-2.370321005582809448e-02,-3.208090784028172493e-04,7.233967538923025131e-03,9.515876881778240204e-03,-4.458761308342218399e-03,4.444264769554138184e-01,4.393908679485321045e-01,5.994099378585815430e-01,6.016575694084167480e-01,-2.259353101253509521e-01,-2.287408411502838135e-01,2.204543054103851318e-01,-2.023952454328536987e-01,1.091870293021202087e-02,9.336278773844242096e-03,1.387954037636518478e-02,-9.581219404935836792e-03,9.273647069931030273e-01,9.269510507583618164e-01,4.345268243923783302e-04,-3.876802220474928617e-04,2.861454151570796967e-02,2.841947786509990692e-02,2.967008156701922417e-03,-2.073289826512336731e-03
4.102970361709594727e-01,1.801352389156818390e-02,7.583894133567810059e-01,-8.882874972186982632e-04,-6.288988050073385239e-03,-6.456487812101840973e-03,9.999589920043945312e-01,-3.296575546264648438e-01,-3.315397202968597412e-01,-3.242433012928813696e-05,-2.483394928276538849e-02,-2.355825155973434448e-02,-3.025557089131325483e-04,7.379630580544471741e-03,9.433622471988201141e-03,-4.326873924583196640e-03,4.436234235763549805e-01,4.385943710803985596e-01,5.982910394668579102e-01,6.005029082298278809e-01,-2.247846871614456177e-01,-2.275056540966033936e-01,2.202786058187484741e-01,-2.024432122707366943e-01,1.087367441505193710e-02,9.367822669446468353e-03,1.382641214877367020e-02,-9.575343690812587738e-03,9.270638227462768555e-01,9.266531467437744141e-01,4.333153774496167898e-04,-3.869159263558685780e-04,2.852507494390010834e-02,2.833168767392635345e-02,2.959428587928414345e-03,-2.072663744911551476e-03
4.108361899852752686e-01,1.785385608673095703e-02,7.583800554275512695e-01,-8.661978645250201225e-04,-6.183639168739318848e-03,-6.458004005253314972e-03,9.999596476554870605e-01,-3.289333581924438477e-01,-3.307724595069885254e-01,-3.039182956854347140e-05,-2.466919831931591034e-02,-2.351114340126514435e-02,-2.813903265632688999e-04,7.302584126591682434e-03,9.150945581495761871e-03,-4.218992777168750763e-03,4.428882300853729248e-01,4.377971291542053223e-01,5.973343849182128906e-01,5.995184183120727539e-01,-2.237443178892135620e-01,-2.263989448547363281e-01,2.200747430324554443e-01,-2.025043368339538574e-01,1.094065327197313309e-02,9.514853358268737793e-03,1.377011276781558990e-02,-9.574606083333492279e-03,9.268122315406799316e-01,9.264109730720520020e-01,4.322176682762801647e-04,-3.863051242660731077e-04,2.845053933560848236e-02,2.826099283993244171e-02,2.951231552287936211e-03,-2.072620904073119164e-03
4.112820327281951904e-01,1.766635663807392120e-02,7.581902742385864258e-01,-8.399949874728918076e-04,-6.094373762607574463e-03,-6.460878998041152954e-03,9.999601840972900391e-01,-3.279896080493927002e-01,-3.296705484390258789e-01,-2.826558193191885948e-05,-2.463645488023757935e-02,-2.356842160224914551e-02,-2.569908392615616322e-04,6.968835834413766861e-03,8.657685481011867523e-03,-4.131661728024482727e-03,4.418172538280487061e-01,4.365691840648651123e-01,5.964993238449096680e-01,5.986637473106384277e-01,-2.229368537664413452e-01,-2.255496531724929810e-01,2.198277711868286133e-01,-2.025645077228546143e-01,1.108407042920589447e-02,9.734748862683773041e-03,1.370736956596374512e-02,-9.576544165611267090e-03,9.266065955162048340e-01,9.262204766273498535e-01,4.312008677516132593e-04,-3.858330310322344303e-04,2.839091420173645020e-02,2.820721082389354706e-02,2.941781422123312950e-03,-2.072725910693407059e-03
4.116921126842498779e-01,1.744880154728889465e-02,7.576435804367065430e-01,-8.085026638582348824e-04,-6.007111165672540665e-03,-6.462905555963516235e-03,9.999607205390930176e-01,-3.252450227737426758e-01,-3.267375528812408447e-01,-2.491846862540114671e-05,-2.469320967793464661e-02,-2.369322068989276886e-02,-2.289133408339694142e-04,6.427673622965812683e-03,8.026460185647010803e-03,-4.059164319187402725e-03,4.400004744529724121e-01,4.346131682395935059e-01,5.957036018371582031e-01,5.978165268898010254e-01,-2.225869148969650269e-01,-2.251579910516738892e-01,2.194973081350326538e-01,-2.026049643754959106e-01,1.115774549543857574e-02,9.871807880699634552e-03,1.362970843911170959e-02,-9.576424956321716309e-03,9.264374375343322754e-01,9.260590076446533203e-01,4.300935834180563688e-04,-3.854880924336612225e-04,2.834502048790454865e-02,2.816502377390861511e-02,2.929590875282883644e-03,-2.072123577818274498e-03
4.121826887130737305e-01,1.719647832214832306e-02,7.563687562942504883e-01,-7.704879972152411938e-04,-5.928697064518928528e-03,-6.456750910729169846e-03,9.999612569808959961e-01,-3.177647292613983154e-01,-3.194583058357238770e-01,-1.785064523573964834e-05,-2.447720430791378021e-02,-2.368757501244544983e-02,-1.967274001799523830e-04,6.263057235628366470e-03,7.829326204955577850e-03,-4.009648691862821579e-03,4.385364353656768799e-01,4.331294596195220947e-01,5.947710275650024414e-01,5.967153906822204590e-01,-2.225168943405151367e-01,-2.249931991100311279e-01,2.189839631319046021e-01,-2.025701552629470825e-01,1.081968843936920166e-02,9.573544375598430634e-03,1.351550500839948654e-02,-9.560918435454368591e-03,9.262755513191223145e-01,9.258700013160705566e-01,4.283004382159560919e-04,-3.850230423267930746e-04,2.830278687179088593e-02,2.811579406261444092e-02,2.910637063905596733e-03,-2.068293746560811996e-03
4.127816855907440186e-01,1.690855622291564941e-02,7.534465193748474121e-01,-7.298504933714866638e-04,-5.888171494007110596e-03,-6.448586471378803253e-03,9.999616146087646484e-01,-3.054806888103485107e-01,-3.077008426189422607e-01,-9.506155947747174650e-06,-2.384035289287567139e-02,-2.359471283853054047e-02,-1.628968311706557870e-04,5.912025459110736847e-03,7.586368825286626816e-03,-4.001954570412635803e-03,4.355340600013732910e-01,4.300101995468139648e-01,5.933635830879211426e-01,5.951085686683654785e-01,-2.220079004764556885e-01,-2.244271337985992432e-01,2.180982232093811035e-01,-2.022394835948944092e-01,1.066107861697673798e-02,9.435096755623817444e-03,1.332403346896171570e-02,-9.485107846558094025e-03,9.261141419410705566e-01,9.256728291511535645e-01,4.254818195477128029e-04,-3.838430566247552633e-04,2.826566249132156372e-02,2.806917764246463776e-02,2.877182792872190475e-03,-2.053112722933292389e-03
